tweet,class
I brought Prussia back  bitch.,Bullying
That sucks... Can you use it on your iphone?,Bullying
yea dani thats kind of gay sorry to tel u lol,Bullying
Fuck off.. I'm not ready!,Bullying
whos? ima slap the bitch.,Bullying
I LOVE how that statement was misconstrued as GAY!!!!,Bullying
DAMN I wish I wasn't in college!,Bullying
 your still gay and a bitch haha,Bullying
happy for you  sucks for me!  this should have been SNOW!,Bullying
fuck the world? Or for the win,Bullying
@TitanLineAudio lol BJ's blow ass :P,Bullying
i hate you.,Bullying
FUCK SUNDAY im super bummed.,Bullying
ditto bitch!,Bullying
"ahah! and i'll say exactly what i'd say to him: ""bitch make your own!"" i kid:P",Bullying
oh damn! anyways next time...DM me ur number or soemthing,Bullying
canadians always make me think shut your fucking face uncle fucker!   http://kenny.smoovenet.com/grabpics/terrance.gif,Bullying
she doesnt want to scar you for life like i could.  cant talk her into sending you the video of they guy with the jar in his ass.,Bullying
enak aja! nick carter ga gay!!,Bullying
I'd die first. Damn fareway.,Bullying
damn australians!,Bullying
no!!!! Ahhh he is fucking crazy hes been killing himself since yesterday still nothing!,Bullying
I don't bother arguing that about Bush anymore because people who admire him have damn near no power post-2008 elections.,Bullying
psh bitch I'm at work running 2 trains with a 70 minute wait stupid kids and dumber parents I don't wanna hear it,Bullying
yeah we all call her a whore and shes all don't call me that! So i called her a slut. And she said im a tease! And i told her  ...,Bullying
wristband is shipping can they put those assclowns in the mail next to be delivered to an ass whoopin?,Bullying
no i dont! He does. I hate his guts!!!,Bullying
i hate sewing. Period.,Bullying
burger in each hand? Wut a fat ass!! Lol,Bullying
you have officially been put on my bread stick mailing list. Fuck those rock republics and eat something already.,Bullying
he's a total loser spending his last howard stern money on internet sex,Bullying
Warm Mt Dew tastes awful. :/ Try Jolt Cola instead. Or maybe even Whoop Ass. http://tinyurl.com/8woa3j,Bullying
 i hate ur fucking guts. u &amp; lindsey? grossest thing ive ever seen,Bullying
we're talking threatening your ability to do business in a professional  not-over-the-top way. w/o being a cunt  somehow.,Bullying
((((((((((HUGS)))))))))) I love you tons and life totally sucks right now! I'm in it with you! LOL! xoxo Karen,Bullying
You are a Linux whore!,Bullying
Hell yeah the drunker the better...is drunker a word..more drunk? I think its more drunk? Fuck it our show is hood. drunkener,Bullying
Take Ur ass home,Bullying
"you know fuck it I'm doing ""Jew-Boy money""",Bullying
Ah. Gay!,Bullying
art IS easy. who the fuck gives A+s?,Bullying
 stop acting like you know everything. your fat. get over yourself you mouthy slag :L and no your not better then everyone else! (:,Bullying
Haha no  I mean that I love the money & my coworkers  but hate how much time the jobs take up. It is fun to hate them though.,Bullying
I always thought of him as Hermy  the wannabe dentist.,Bullying
not on your life  dick-tongue,Bullying
http://twitpic.com/qtt0 - O.O bingo is waaaaay to hard for me. hate it. i wanna fuck it..wait thats didnt come out right,Bullying
lmfao HURRY AND GET THE FUCKING LYRICS.,Bullying
rogue. I hate you and your ability to spell correctly. though some of them were red  but they were communist. not rouge.,Bullying
~ wholeheartedly agree that NYE music entertainment sucks!,Bullying
i feel pretty oh so pretty...i feel pretty and witty and gAY! Ha ha good times,Bullying
no! I think UofA's navy jerseys on white pants rule.  And all red sucks. But seeing BYUs colors  I guess all red makes sense.,Bullying
Damn skippy. I should be dead 10 times over......,Bullying
Hot damn  champ right here! Had the old school TT shell helmet on for the whole trip. Backwards even! Huoooooooah!,Bullying
bitch what ? hahaha. j/k.,Bullying
twinface it's ATCQ...your drunk ass can't type lol,Bullying
you own a gun? remind me not to piss you off anymore.,Bullying
 shit talkin bitch,Bullying
Well damn  that means you working wit something!  Lol..,Bullying
DAMN! I'll wait a month before I send mine for a critique! LOL,Bullying
I hate games like this. All these people shouldn't be going down.,Bullying
#NAME?,Bullying
that karma is a bitch  HUH,Bullying
thats why I hate megavideo.  I'll see if I can get someone to update the episodes with an offshore video hoster.,Bullying
"read that this morning. my fav is how they just straight up say ""cum shots""",Bullying
Are you out celebrating your birthday? If so  a birthday drink is ok! But don't forget the marathon. I hate being such a stickler.,Bullying
ew u slut get on skype &lt;333333,Bullying
I hate FCC they are evil,Bullying
i loved it  i laughed my ass off,Bullying
No....Always been happy....never quite gay...,Bullying
i hate your face sounds EXACTLY like something i would say.also reminds me of a drunk girl trying to fight me and,Bullying
yeah  most people just think i'm a bitch cuz i got that screwy sarcastic sense of humor that tends to tick people off? my username?,Bullying
 That's a very interesting point and one I hadn't heard before. Copper for elec motors? Damn  I love twitter.,Bullying
I hate to harsh your buzz  but every game on the iPhone can roll the bones by shaking. Do not pass go  do not collect my $7.99,Bullying
dupa cum vezi  eu mai putin cu excelurile  mai mult cu povestile ;o],Bullying
 WHORE,Bullying
lawl @ fat bitchez.,Bullying
http://twitpic.com/t47m - Srsly  I hate it.,Bullying
if you can get me a signed copy of Jordan's book....we'll pull some qoutes during shows.  That guy kicks ass muchos muchos  wow,Bullying
that sucks balls!,Bullying
if you're going to have to spend that much for a fucking pizza  at least go to mellow mushroom or somewhere not disgusting.,Bullying
LMAO!! I seen that  that dude was mad angry... then got his ass beat,Bullying
YES!! she'll call me and be like get your ass out of bed and then she'll name a list of bs for me to do,Bullying
Sounds more reasonable. I hate having to buy 8+ presents for my very small family alone. Soulless Myer gift cards FTW,Bullying
usually  if I am at the point where I'm ready to say something mean  I will click away. I hate mean people.  hate them.,Bullying
Yes but if your senses are dulled mebbe you no bitch so much? Or you should find a good human who's blood you wanna eat,Bullying
i got ur ticks  but yo ass ain't gonna come! lol,Bullying
bahahaha i love you. and ugh i wish i was on my way to va with @heyheatherr fuck the weatherr.,Bullying
Fuck yeah. I noticed that too.,Bullying
suck my cock  bitch. i am allowed to be scared of whatever i want. *z snap*,Bullying
VTU  SUCKS &gt;.&lt;,Bullying
 Damn woman you don't know your own strength.  LOL,Bullying
P33T WIFF HIS BIG GAY TEEFS!!! BRYCE FROM TRS AND HIM SHOULD HAVE BABIES AND THEY'D HAVE AMASING TEEFS,Bullying
awz cum ova,Bullying
Then you should make fun of her for not looking at your ass.,Bullying
Retard. Section E is?,Bullying
Lol why do you do this?! I hate your guts :-p,Bullying
wow! You're a real cunt!,Bullying
can't make up my mind. Go out w my girl vip style and leave the dog home alone till morn  stay in or go to a gay pj party,Bullying
fuck u asshole we aint even watchin the game shyt we slda goten closer so i cn c betr.how r those cheerleaders 4 ya,Bullying
In Ala-God-Damn-Bama  that would be Bidness Skool  right?,Bullying
 brittany is from MAYODAN abbie aint from ellisboro  either.dumbass....and the lst 2 aintchur girls they dont evn lik u.,Bullying
it means - the fat beauty and yes lost 43 kgs thru heavy dieting n working out at the gym 6 days a week - that was 3 yrs ago,Bullying
hola! Orli ... we are www.LuckyStartups.com looking to interview some kick ass peeps in Israel... you up to it?,Bullying
duh! fat fish and winning the lottery go hand in hand,Bullying
 ....you gone wind up fucking her (is that what u wanna do  shawty),Bullying
man i'm jealous of your day! i'm also hooked on twitter. damn arv. like i needed another procrastinating tool like this.,Bullying
I have both now. iPhone camera sucks as well as lack of other things  but email  twitter and apps are good. Big screen is nice.,Bullying
Sorry you bitch punched TEO.,Bullying
coincidence my ass... LOL... But it's a good suggestion so it'll go in the hat... Singapore would be interesting. 5 more...,Bullying
#NAME?,Bullying
LMAO! @ ur new pet...I thought u sent me a pic of a big ass butterfly...lol!,Bullying
DION WHAT THE FUCK YOU SAYIN? LOL.,Bullying
 You didn&;t get a brain that day either. They were only handing them out to people who would use them.,Bullying
You'd be television slut.,Bullying
yeah but zro rly is the eMo city don,Bullying
fuck yeah they do!,Bullying
depends on your plan. if you pay out the ass for it  no.,Bullying
Oh sad faces :( I hate it when that happens! Reading in bed usually helps me...,Bullying
fuck apparently i 4got that no homo part  guess i said that with a lot of homo,Bullying
u in a good mood souljaboy why u in a good mood oh n i luv ur new song 'damn ' like it hit   me bac,Bullying
sorry i missed you @ Cain but they weren't very nice to my gay boy - I think some1 was jealous...missu  hope to see ya soon ;),Bullying
damn. lol. let me try something else. hot lesbian sex. nekked girl on girl. free porn.,Bullying
"ugh  yes. I am a consumer whore... ""and how!""",Bullying
damn your phone....SEVEn SEEEVEEEENNN,Bullying
fuck u and ur fucking break =/,Bullying
meeting friend for lunch/coffee. Getting hair cut (although I hate that bit) and my works do in the evening!,Bullying
"YOU""RE A GAY!? .... =) I &lt;3 you",Bullying
"""",Bullying
ass.,Bullying
jealousy makes me hate you now hahaha,Bullying
HOLY SHIT. Fuck that band.,Bullying
You fucking rock =),Bullying
social network whore!,Bullying
http://tinyurl.com/6dunlq  hate me for it later  but it's not bad,Bullying
Would you believe the same article said eating less helps us live longer  too? Damn those scientists!,Bullying
http://tinyurl.com/6dunlq  hate me for it later  but it's not bad,Bullying
it is. Hate that LOL,Bullying
i'd love to visit (or live) in san diego cause of yr round warm weather. i hate cold so bad. crowds n traf would b my probs there,Bullying
yeah  fucking predictive text,Bullying
bitch you wanna go? Ill kick your ass,Bullying
 I couldn't agree more.  And if I didn't feel like such a loser I would say I win for understanding!,Bullying
OK but I'm telling you  it's going to be hard for me to fight my inner grammar nerd. I'll do it for the cause though ;),Bullying
fuck off!!!,Bullying
U can be a freak and not like girls.,Bullying
what is this dick suck moment? lol. HAPPY NEW YEAR,Bullying
there only a few shows i really look forward to seeing.  i hate when they put a reality show on instead with no warning.,Bullying
"evilbeet  do u not feel that when u watch jon & kate plus 8 its fucking ""in ur face"" and purely advertisements?",Bullying
too right XD Gordon Brown can officially kiss my ass! Freak!,Bullying
VTU  SUCKS &gt;.&lt;,Bullying
 Ugly piece of shit,Bullying
hmm so thats suk your soul hate and reinvent you to get my dry cleaning hate?,Bullying
haha i don't really like walmart that much either. hmm yeah that sucks :( hope you find one,Bullying
"i really hate that song but thats like equivalent to ""fuck them other niggas"" to the 40 and up crowd",Bullying
Hey  at leat you got SOMETHING. Know what we get at work  as I found out 2day? NADDA! Bah hum bug! Damn scrooges!,Bullying
I hate giving little kids antibiotics...10 days 2 a day and important they get it all down...impossible!,Bullying
thats what you get for being a fat ass....FAT ASS...,Bullying
like I said  I wouldn't even do it with your dick!,Bullying
@ember_myst @spellchaser Just so you know  I'm staking my claim on etherist. I am in full on crush! Sucks that he's married. :P,Bullying
He's an asshole. I'd fucking bean him  for love of the game. Not starring Kevin Costner.,Bullying
Then she changed roles and she is a little less bitch from hell but still  her sting has too much barb.,Bullying
fuck u BIATCH!!!,Bullying
 Everyone Look  This Girl Was Using Missy Lockes Pictures And I Told Her She Was Fake  Then She Was Like Im Not Fake  Then She Took Bettys Pictures. SHES DUMB! http://www.formspring.me/LMT23,Bullying
Ugh  twitter stop it  you fucking slut.,Bullying
cant wait to get FUCKED THE FUCK UP,Bullying
 Learn how to spell? Learn how to tell apart a typo from a spelling error.   And learn how to be a proper fake.,Bullying
Listen  RayRay  I gave you the lowdown as soon as I got it. I hadn't heard it b4 and I was shocked. She seems to hate his guts.,Bullying
you are GAY!!!!!,Bullying
fuck yeah they do!,Bullying
sucks for you,Bullying
damn girl. that was fire!,Bullying
I cunt wait for u to start shitting out the gifts I sent jew.,Bullying
 I see (:,Bullying
hard to kick ass yourself with slippers on?  On it.,Bullying
yes...and they are about to be fucking DISOWNED. *grumble*,Bullying
I'm all about peace n positivity  but sometimes you gotta give a little kid an ass whoopin' !,Bullying
slap a bitch? What you want to do is CHOKE A BITCH like Wayne Brady!,Bullying
Then I would be gay and I would kill myself. Don't become a boy  please.,Bullying
Yes! All of those twitters were directed at Frank Miller and his horrible screen play! DAMN YOU FRANK MILLER ILL KEEL YOU!,Bullying
just use water  loser.,Bullying
whoa be nice guys.. Whats all this FOOL and LOSER talk?,Bullying
damn you have really become an ordinary man... man that sucks ass!!! lol :P,Bullying
 Because they are FUCKING DUMB and annoying,Bullying
I know it sucks  but I'm actually envious of you.  Though I have orientation for a tutoring program on the 14th.  Did I tell you?,Bullying
social network whore!,Bullying
damn  that is pimp!,Bullying
and the arabs pussy count reaches 250 million. There I said it  we're all a bunch of pussies. No offence to the pussies,Bullying
"a bolt flew of the trucks tire and hit my windshield. Cracked the fuck of of it.""",Bullying
I hate you so much you stupid New York... douche. bagel.,Bullying
oooh that sucks. ibuprofin,Bullying
You have no idea how damn tempting that is. I've already procrastinated by drawing roads and zebra crossings ;),Bullying
holy fucking jesus mother  gad damnit WTF? wow.,Bullying
dawns a Fucking twat and @occultclassic that is the best song on the album,Bullying
 dont talk to rubinathy15 she is stupid,Bullying
it's like gay people using the f word.  somehow  allowed.,Bullying
I'm doing nothing. I was thinking about going to the Flaming Lips concert  but hate going alone.,Bullying
Connection interrupted. God damn.,Bullying
..........I hate SUVs. They're a great big ugly road hazard as far as I'm concerned. And very few people really NEED them.,Bullying
"Thanks. Nothing just watching ""Jack ass"". Are you having fun doing nothing over there?",Bullying
Damn girl ... Your house was dirty.,Bullying
I hate them. I eat them for dessert. I will keep following you. I believe in your cause,Bullying
bitch was craaaaaaaazzzzzzzzzzy!,Bullying
Hard to play because it is damn fucking awful,Bullying
Dood! You just justified your MBA. I pity the sorry ass of that downtrodden employee whose manager you'll soon become.,Bullying
Fat Tire. Steak Taquitos. RocketTransfer.com. AJ's on Court in DSM.,Bullying
fuck off dude  don't waste my time...,Bullying
damn -- http://tinyurl.com/7b7nze,Bullying
yikes. That sucks. Sorry to hear that.,Bullying
that karma is a bitch  HUH,Bullying
ah damn man! Good Luck!! You can do eeeeit!!!,Bullying
"HAHAHA. tom cruise ""I WILL FUCK YOU UP""",Bullying
I hate you,Bullying
thanks sugar  i get a little sensitive here and there. damn holidaze!,Bullying
eeeeew  I wanna cum ;),Bullying
wow that really sucks. LOL.,Bullying
YAY OR NAY OR GAY?,Bullying
Not really. Atlantis was okay. Old Star Gate on now. Was about to watch Numbers. Might do Sudoku instead unless u ready u fuck :),Bullying
so fucking angry all the time,Bullying
 yeah it sucks i know  she was one spankin hot mofo,Bullying
less #damn-fridays  more #bad_wookie_pun,Bullying
lulz. fat chance!  good news is no bacn from friends adding you :D,Bullying
Fuck dude  you manage to do this every week!,Bullying
Is like putting Lipstick on a Pig!  You were perogued! LIVE WITH IT! #canadawest,Bullying
You won't miss much.  Her husband is cheating  she's pregnant  he's an ax murderer  her son is gay. That's pretty much the soaps,Bullying
Also  you are not Canadian  fuck.,Bullying
holy fucking jesus mother  gad damnit WTF? wow.,Bullying
thank you  she's such a big baby. lol But such an incredible dog. hate to think of life without her pain in the butt self,Bullying
whaha ja maar het is zon raar idee dat ze dat lezen xD en dat BOB FUCKING BRYAR iets tegen me 'gezegt' heeft xD je moet vragen o,Bullying
you must be bored...you are a twitter whore today. ;),Bullying
way to fuck up a perfect opportunity to call yourself Z-Co!!!!,Bullying
whats the operating system on it? i have windows vista and vista sucks bad..it is full of bugs still. shuts down and freezing alot,Bullying
that karma is a bitch  HUH,Bullying
uh bitch wtf is that suppose to mean?,Bullying
All of my friends are married gay  or have been burned so badly they don't want 2 even think about another relationship :o( I've,Bullying
Stop getting so damn skinny and maybe your pants will fit! =P,Bullying
you're a fucking bully  man.,Bullying
You don't even know that half  trust me sallie mae is the one bitch I wish I could divorce right now,Bullying
slap a bitch? What you want to do is CHOKE A BITCH like Wayne Brady!,Bullying
"I hate ""Rag and Bone"" so much.",Bullying
I blame Alexx for making me put 'I love to say fuck' on my ipod,Bullying
That's gay. Poor MCR.,Bullying
ask him why he's jumping out of the window. And ask him hows he gonna do it in those tight ass jeans???,Bullying
it's emo because you used a razor. An explained joke isn't funny. :(,Bullying
damn that caller ID,Bullying
Yeah it was four years ago  but I have a long memory. I also still hate the Avalanche even though they've sucked for years. :},Bullying
damn.,Bullying
I'm kinda meh on it--It wouldn't even be a contest as Madonna would kick his ass while he was running around screaming.,Bullying
that's killer. Wish it was even cool here. But it's been damn near 80 most of the week. No where near festive temps.,Bullying
http://twitpic.com/v2mo - lol.. hate u both..,Bullying
LIKE BITCH WUSSUP! Ahahaha,Bullying
you have officially been put on my bread stick mailing list. Fuck those rock republics and eat something already.,Bullying
oh yeah! Radios powered by pork fat!,Bullying
That doesn't sound nice at all. As somebody who was made redundant with one day to trade last year with Swatch  I know it sucks!,Bullying
oh. yeah. no loving for nikki. poor nikki. she's too emo.,Bullying
"no-sign. i dont fuck with ""rats""",Bullying
i hate you,Bullying
Gypsy bitch!!!!!,Bullying
biiiiiishop! - fuck u want? - yo ass punk...,Bullying
"I'm laughing at your ""Don't hate me  please.""  Can you imagine a man ever saying that?  Not to be gender specific  but...",Bullying
too right XD Gordon Brown can officially kiss my ass! Freak!,Bullying
fuck yeah. swing by sometime (after the 17th) and i'll take you to rocco's. yeah  think about that.,Bullying
was that a racial comment? on it's going down!! bitch!,Bullying
Thai sucks too many peanuts,Bullying
jealous! I will still hug u  lick ur face off  grab ur ass  and dry hump u a little bit when I c u.  Whatever!,Bullying
you said fuck everyone!,Bullying
dude so weird  i feel like good will stole one of my best friends too  Damn the man,Bullying
wow - mommy's little cheerleader! *must... not... take... the...piss......*,Bullying
Cuz u wanna fuck ricky martin,Bullying
 Hey aujala r,Bullying
really? Thank fucking god for sleeping pills!,Bullying
the cock is just a figure head on favrd,Bullying
cont. and you must RT EVERY LITTLE THING someone says  then DAMN do I feel SORRY for you and your friends.,Bullying
rogue. I hate you and your ability to spell correctly. though some of them were red  but they were communist. not rouge.,Bullying
did you see Mike Huckabee on Daily Show earlier this week? It got pretty intense with gay marriage topic.,Bullying
dude that sucks!,Bullying
Fuck off naturally as opposed to artificially?,Bullying
I hate it SO SO SO MUCH.,Bullying
you damn betcha,Bullying
well mine are double flared  so they are a fucking homo bitch cunt to get out. aggrivation!,Bullying
this makes mme smile lol. I hate him. But we still dont bring him up bc to us he is dead and non-existant.,Bullying
meh. All year round baby. They're actually growing like fuck at the moment  except for the caterpillar incident yesterday.,Bullying
who the fuck is bur`li?,Bullying
I can share my gay boyfriend. He just left. Its 1 in the morning. You totally coulda had him from 9 to 1! Ill keep first shift,Bullying
yikes. That sucks. Sorry to hear that.,Bullying
 yeah  its seems like most of the time unexplained highs are related to a bad site or fat delays,Bullying
Pretty much  but now there will be less AIM errors! Weeeee  you can see that I don't type like a retard!,Bullying
"Read your post  ""Sincerity Sucks.""  Thank you! I feel less guilty for holding certain ""sincere"" people accountable for actions",Bullying
TWITTER SLUT!,Bullying
Drake.  He knows his mother was a bitch.,Bullying
fat guys are immoral  there should be a proposition to keep them from marrying  VOTE YES,Bullying
@markmancao haha. i love it! gay nights for all!,Bullying
hate to tell you but it only gets worse  we're at 1440 in the UK and all my office wants to jump out the window!,Bullying
This week in fuck?,Bullying
he won't wanna pet the guinea pig?,Bullying
sucks that ppl will do anything to make a buck. i just love how your fans are calling them out. and i'm glad your iphone is safe.,Bullying
Holy shit just looking at that list pisses me off. Why the fuck are the Jonas Brothers on there?,Bullying
Ugh  twitter stop it  you fucking slut.,Bullying
 OMG that sucks! D:,Bullying
lmao  i hate you. &lt;3,Bullying
lol i think she's a huge bitch BUT she's good at what she does and is entertaining at times :),Bullying
hate u,Bullying
fuck the krebs cycle.,Bullying
I'll be a crab ass with you. BAH HUMBUG!,Bullying
Damn dude...,Bullying
http://twitpic.com/py9p - HER ass is on top,Bullying
everything but you. Everything but you sucks.,Bullying
I don't care about leakage. Fuck the person sitting next to me in coach. (actually I do care),Bullying
Oh my fucking ~*gawd. *eye roll*,Bullying
lol you'd go gay for Zac Efron,Bullying
cuz montana sucks?,Bullying
 lets fucking go tonight... you know you want to! Or at least hang out. I fucking hate being alone sometimes too.,Bullying
http://twitpic.com/pyb6 - is a very naughty panda  always has her ass up in the air.,Bullying
she doesnt want to scar you for life like i could.  cant talk her into sending you the video of they guy with the jar in his ass.,Bullying
@alwaysgayalways You both need to watch/rewatch it. But more to sate your nerd jones than your gay-wadishness.,Bullying
yeah  it sucks. 6 yrs down here & realizing we dont get snow. just ice. and nobody can drive in rain  let alone ice,Bullying
i fucking hate that word  hahaha.,Bullying
"I still think you should be prouder of the ""Fuck fuck fuck!"" but ""Rock!"" is pretty good. When will you be teaching her ""FUCK YEAH""?",Bullying
 pig 100% pig,Bullying
i am  just so behind now . . it sucks.,Bullying
so i said listen cunt.. i hope your year brings prosperity and happiness. and then i got my gun  and blew her brains out.,Bullying
old ass nigga!,Bullying
700. you glutinous bitch!,Bullying
...fuck jared leto. i forgot it was his bday. 25th HIS BIRTH 26th MY BIRTH ECHELON THROUGH THE BACK DOOOOR.,Bullying
yeah... it sucks...,Bullying
this job would be great if it wasnt for the fucking customers,Bullying
i hate those DIY post office things here in #ALB. no matter what the lines are still insane.,Bullying
DM. damn.,Bullying
"No. Being ""down"" 5lbs is a bad thing when you're a scrawny nerd who's trying to bulk up. :)",Bullying
"yeah apparently anytime you use the word ""hate"" on a tweet  your ass gets retweeted and subsequently followed.  Reminds me of &#9773;.",Bullying
aye  it sucks when you end up in that situation where you don't know what to do book learnin' is anti fucked. imo.,Bullying
ARGH!  I hate that too!,Bullying
yeah. subconscious sucks sometimes. always telling me what I'm doing is wrong. Most of the time it's not. :),Bullying
coz it is attended by a lot of FAT people. You don't want me to show you the pics  do you? Oh  you were in it too!,Bullying
damn i was hoping for some cash out of this... how bout 5 for pain and suffering lol,Bullying
 yeah it sucks i know  she was one spankin hot mofo,Bullying
 pissed off? I'm ready to go Mumbai on their fucking asses. We're too soft. We need to start blowing shit up.,Bullying
katrinaneufeld Does a French whore smell better or worse than ur down home Blackstone variety?,Bullying
FUCK NO I AINT PARTYN LIK DAT JAYLA U STUPID,Bullying
I do but I picture the fat guy in the leotard,Bullying
i hate her in every movie. she has one look. you know the look haha,Bullying
fuck...  lemme know if you'd like to work at criagslist,Bullying
if anyone's a loser  it's YOU.,Bullying
Damn! Sounds like heart attack inducing combo.,Bullying
It sucks though when you have nothing to do at 4AM and your roommate wants to sleep.,Bullying
Damn near indeed! But in the end  their youthful impetuosity gave it away. It didn't feel like SL actually won it  incredibly!,Bullying
QuantumOfSuck is a wannabe Transporter 3...,Bullying
 LOL FAT NIGGAZ UNITE FATRON!!! HAHAHAHA,Bullying
We loovveee chicken.  Damn i do also so I really shouldn't complain.  And since I found the chicken i am in a better mood.,Bullying
Do you really have a big man ass?,Bullying
She says i have gubgivits? teeth thingies and she stole more blood. every six months with the blood stealing it sucks.,Bullying
 Dude they dont finish enclosing the fucking showers. I hate half assed jobs. Whats the reasononing behind it? Makes no sense.,Bullying
man i'm jealous of your day! i'm also hooked on twitter. damn arv. like i needed another procrastinating tool like this.,Bullying
I hate that  just finished round 4 of rough revisions for a client... can't they just be clear and concise at the get go?,Bullying
OMG bundesliga and brasilian bossanova. This was worse than seeing your loved family dog licking his ass. I'm scarred,Bullying
fuck. :( &lt;3,Bullying
 We're having a BAD ASS gathering in May  you should come. Of course  the best part is the hanging out downtown after. :),Bullying
stuff like building the forums is what I do when writing is kicking my ass  that's how I do it ;),Bullying
damn you.,Bullying
A COMMUNIST FUCKING DICTATORSHIP! Fuck Che Guevara. And all the t-shirts with him on them and those that wear them.,Bullying
 yeah and I woulda gotten away with it if it wasnt for you damn kids...,Bullying
I don't wanna sound gay or nuthin'  but that sir... is an arousing pic.,Bullying
i literally could not breathe. that was so fucking scary.,Bullying
damn. lol. let me try something else. hot lesbian sex. nekked girl on girl. free porn.,Bullying
i hate you :P happy birthday dude  good to know your enjoying it,Bullying
Damn dog  didnt call them like I said to? Well I is working till around 9ish,Bullying
 Totally agree with you.  Fuck Prop 8.  very cool that apple came out publicly against 8 on the website.,Bullying
*twitch* I. Hate. You. J/k.,Bullying
HOLY FUCK! that was one tough fucking cow!,Bullying
thanks  the nerd in me is overjoyed,Bullying
how so? It's more reasonable cause of the smaller age difference...plus Mikey's always sex deprived so he's a fucking animal.,Bullying
big mistake. we gotta even it out. who da fuck else is in!,Bullying
DAMN IT EDDIE!,Bullying
Savor my ass. ;-p,Bullying
i SENT it!!!!!!!! u'll prob get it in like a billion years since cingular SUCKS!!!!,Bullying
dont hate too hard!  it hasn't been very warm here lately!,Bullying
Fuck you  McGaffigan. I WANT TO GO. NAO!,Bullying
lol kevin bought me damn near nothing and we dated for over 10 months. my life sucks.,Bullying
Damn straight I am!  I want to be 50ft!  I also want to play Barbarella.  I'd be much better than Rose McGowan.,Bullying
I would have done it by now tbh. I have no words except just WHAT THE SHITTING FUCK ARE THEY THINKING!,Bullying
i literally could not breathe. that was so fucking scary.,Bullying
..........I hate SUVs. They're a great big ugly road hazard as far as I'm concerned. And very few people really NEED them.,Bullying
aw dammit  I meant to call @graemem a lame-duck Scotsman. Thanks for fixing my lame-ass miss of a joke!,Bullying
oh. yeah. no loving for nikki. poor nikki. she's too emo.,Bullying
oh no!! that sucks!,Bullying
Alan  I think you might as well give my spot away to someone else. I'm just too damn sick to sound like my charity is good. :'(,Bullying
I love New HAmpshire well the white Mounts.I'm from Maine and I know I hate cold also hence why I moved to Fla.,Bullying
Oh  that sucks. Why I blew off my own appointment yesterday. I just couldn't face the wait.,Bullying
Wtf. Fuck you,Bullying
damn iPhone that's SHITE. Learn English slang,Bullying
motherfucker stop drinking Red Bull ADDICT! watch ulcers eat at your stomach lining bitch!,Bullying
what happens when you run out of Word of the Gay words. :),Bullying
She makes me sick. She thinks she's cool and youthful cuz she watches that show. Phony bitch.,Bullying
you work in cape cod. why the fuck am i up so early. argh  stupid cousin &brother.,Bullying
Damn Girl! Aww  that'll be cake at the rate YOU are chalking them up. Nice seasonal pic and awesome tweets btw.,Bullying
http://twitpic.com/rt32 - omg :/ sucks to be u. hope u got some good tunes going makes it more delightful to sit through.,Bullying
How does he feel about marmite? Love It or Hate It?,Bullying
i am going to work on a grassroots gay rights project that will involve the communities of color.,Bullying
Tell them you want YouTube to quit fucking with things that no one wants fucked with.,Bullying
fuck the krebs cycle.,Bullying
It's just crazy. This boy is fucking up my sleep schedule. Probably why I don't mind too much. ;),Bullying
wow that really sucks. LOL.,Bullying
 eat a dick you complain about texas all day shove it it! you just got told your suck a dick! so eat one,Bullying
Maybe you should get your dick out of your ear next time I'm explaining them to you!!,Bullying
 RT this then GO fuck yourself stay the FUCL out of lives and HOPEFULLY you'll die a Horrendous DEATH for all to WATCH ,Bullying
/nerd *laugh*,Bullying
crutches suck big time. i hate them lol. hope you get better soon! :P,Bullying
I'll love him in the biblical sense  just as soon as they chop his emo hair off.,Bullying
i hate you.,Bullying
bitch was craaaaaaaazzzzzzzzzzy!,Bullying
why would i accuse you  im SUPER FUCKING JESLOUS OF YOU,Bullying
lol... I have ass too..,Bullying
i hate u like miniature dogs hate people dressing them in t-shirts and little booties.,Bullying
you are fucking killing me. Please come to a party at my house next time yer in LA. Rice pilaf will be ready,Bullying
beast my pussy  bitch. LMAO...that's creepy.,Bullying
I hate math really do!but will be happy as well when I finish university!,Bullying
 Stop Calling Tabi &quot;Fake&quot; Obviously Your The Fake Bitch That Don&;t Have A Life I Don&;t Know Tabi But She Seems Like A Nice Person.,Bullying
Rooster is LARRY'S bitch!,Bullying
OK but I'm telling you  it's going to be hard for me to fight my inner grammar nerd. I'll do it for the cause though ;),Bullying
yo... you should have another show tomorrow cuz we had to record the past two days... damn albums...,Bullying
maybe you should go punch him in the dick.,Bullying
lawl. Sucks to be THEM  then.,Bullying
damn that's fucked up Hawthorne is out of the way,Bullying
Epic WINS for Fuck City&lt;3,Bullying
that sucks;{,Bullying
I hate you.,Bullying
NOOO EP!!!! That really sucks! You should hve jst waited in the car...lol!!! Hopefully it;s dark in there & no one looks dow ...,Bullying
i'm with you on the new yrs res! i'm 10lbs chubbier than i was 8 mos ago and i ALSO thought i was completely immune to fat! :(,Bullying
GO GIVE YOUR GAY LADYBOY HUSBAND AN OILY BODY MASSAGE WHY DON'T YOU. AND @yourscenesucks yes its true.,Bullying
All those people who hate Hillary are the same ones who voted for her husband and loved her before Obama.  Just seems strange.,Bullying
You're going to find a woman and tease her to make her have to cum silently at work?,Bullying
omg srsy?? I loved ami  kat would always piss me off. She was always mad for no reason.,Bullying
no one likes every fat snack u do bitch! so shaddup ahahahahaha,Bullying
p.s. i hate you :),Bullying
Damn what the hell is the deal with the Drama Queens coming out of the woodwork lately?,Bullying
hahahahahahjdshgskdg I hate you. So much.,Bullying
fuck you dom,Bullying
damn you overload issues! :(,Bullying
I just wanted a fucking money order and it took 40 minutes to get it. They won't even look at you if you're on your mobile phone.,Bullying
oh youuuu little bitch. Just keep your winter gloves away from your zipper and i'm sure you'll be fine.,Bullying
gay + high on crack + Razor sharp vagina? sounds like @andymn to me,Bullying
bitch you wish.,Bullying
go cowboys!!!! Yup I said it. Two tears in a bucket.. Fuck it lol,Bullying
"""",Bullying
I hate you .. why can't I go to Vegas ?,Bullying
Damn. Didn't see that one coming. I must be getting old. &lt;3 U 2  btw.,Bullying
I don't believe in a lot of specialty kitchen gadgets  but I cling to my potato ricer and my popover pan. Carb freak? :),Bullying
just to clarify-  not really to the cunt punting... but really to the you being welcome to come over anytime!,Bullying
mate u know there are french umbracians out there cg09 u may get ur ass whupped :-},Bullying
don't get all emo about that ;),Bullying
Ech! LOL....if it was me  I would wash the sweats at least twice...then again I hate bugs!,Bullying
I don't wanna sound gay or nuthin'  but that sir... is an arousing pic.,Bullying
wow! You're a real cunt!,Bullying
No- shopping isn't what sucks! It's the crowds that cause the trouble. haha! Love your website btw!!,Bullying
fuck em then! heh,Bullying
congrats on the Entrepreneur.com plug for Your Pitch Sucks http://bit.ly/pS0M !,Bullying
Hi new friend! I like your personality.super cool:) Yeah I forgot it is like 9 am there..that sucks!,Bullying
you fart like a fucking bass drum lol,Bullying
I'm late to the emo-ball.. I'm not even dressed.  WHY un-follow you?  What did you do now (pft- can't take him anywhere...),Bullying
duh! fat fish and winning the lottery go hand in hand,Bullying
i just deleted all the people that i have on my facebook off myspace Damn if everyone switched i could just delete the account,Bullying
that's ri god damn dick ulouse! Tasty though. Haha,Bullying
 Sleepin around is for whores. LOL,Bullying
@EightysBaby man..... fuck the lakers,Bullying
holy jebus yes. that'll do just fine. fuck I love twitter. free chicken!,Bullying
Maybe  I would have to stare at your face for awhile while I do it  that would be gay..and weird...and creepy...sort of,Bullying
what a fucking bitch.,Bullying
I fucking hate Rachel Ray.,Bullying
YOU STUPID WHORE I HOPE YOU ARE IN YOUR HOUSE WHEN I BURN DOWN YOUR HOUSE YOU STUPID WHORE WHY WOULDN'T YOU GO TO PROM WITH ME,Bullying
fuck that!,Bullying
lol just rhyming  gay i know,Bullying
dude  that kind of sucks.,Bullying
well damn we should have had a tweet up. I was at Kona last night as well.,Bullying
work on this glorous sat. with this crazy ass shoppers,Bullying
hippies hate that stuff... too chemical-y. This is true when used in ENORMOUS amounts.,Bullying
 That's a very interesting point and one I hadn't heard before. Copper for elec motors? Damn  I love twitter.,Bullying
point taken. fuck.,Bullying
Damn  you've had more jobs than  um  er  well  you're just always employed! lol,Bullying
I know... I would like to find out if I am right... wow... I need to shut the fuck up...,Bullying
that sucks *hugs* :(,Bullying
re:fuck the creative industries blog post (at squares of wheat):I say:Waaaay too much empty rhetoric there. Be the Change ?,Bullying
you should probably reattach your fucking ass for you have laughed it off.,Bullying
goddamn it kj...fuck you 49 times http://tinyurl.com/5mq4sq,Bullying
I hate to keep sending this link.. but you never got back at me.... Whats good.. http://tinyurl.com/6xmnyr,Bullying
ahahahaha so right. Im fucking freezing my ass off here.,Bullying
don't worry  karma is a one mean ass bitch. They'll get what's coming to them...,Bullying
sucks for you,Bullying
 pig 100% pig,Bullying
fuck yeah bra,Bullying
Oh it's pretty much public knowledge that I hate shaving my legs. Or at least it is now.,Bullying
can u be a lamb & add a *gay* category to ur awards so I can nominate myself & others,Bullying
wristband is shipping can they put those assclowns in the mail next to be delivered to an ass whoopin?,Bullying
yeah fuck it kill um all!,Bullying
goddamn it kj...fuck you 58 times http://tinyurl.com/59blcl,Bullying
damn that sucks,Bullying
damn right it should be  horrible stuff YUK!,Bullying
UR a Chicken Cyber Punk! When a French Man came to kick your Ass  U put your Hands in your pockets and Cry like a Pussy! LMAO,Bullying
I've never been to New York  and Peyton was an ass when the Chargers wanted to draft him  but I do love to win.,Bullying
Bitch!  You weren't following me!,Bullying
. . . HE'S FUCKING HIMSELF!,Bullying
I'm counting down the milliseconds til you OPEN THE DAMN BOX.  if I have the patience of a saint  you have the willpower of a GOD.,Bullying
damn man kn frnd e,Bullying
I was gonna dedicate my 850th tweet to you but then I was all FUCK  I already tweeted! But it was to you anyway so it's cool :D,Non Bullying
today its warm though  crazy ass Cali weather,Non Bullying
  Fear. Only because of the corruptness of it all.,Non Bullying
 wee.. we are in the same field =) so you mean you haven&;t start college yet?,Non Bullying
think the phrase 'couldn't hit a pig's arse with a banjo' fitted somehow. But hey I've had a go ( can scythe instead mind!),Non Bullying
That sucks  ya Ive been waiting on this book from Amazon  was suppose tpo have it in Aug. then Dec. 10th now in Jan...irritating,Non Bullying
 I can&;t find you on facebook I was lookin&; for you &amp; a Tosha Good came out O___O,Non Bullying
  Who are you? :-),Non Bullying
Just you wait  bitch!  You'll see.  There will be DOZENS and put together they'll ALMOST match ONE of yours time-wise!,Non Bullying
  It's only life..by Kate Voelege,Non Bullying
damn for real? That's news to me. I'm 100% sure that's a tape loop tho. Zig  Idris  Earl... N.O. Drummers&gt;everyone else,Non Bullying
Can you believe we had another suburb wide Blackout - damn Christmas Lights!   Johnny Walker Blue Label by Candle light,Non Bullying
I just entered Ms. Single Mama&#8217;s Kick Ass Christmas Contest  you can too http://tinyurl.com/7f2h7g,Non Bullying
 what is the thing that annoyes you most???,Non Bullying
theres places to eat at LA Live tho. I need to fuck with over there..,Non Bullying
the answer would be whatever night I make her drink with me and @themadhat doesn't feel sorry for and rescue her ass ;-),Non Bullying
fuck continental!!! Though the prop plane was actually nice!!!,Non Bullying
LOL I'm sorry sir that sucks. It's always something. :/,Non Bullying
I hate when you get stuck out in the cold wearing cons.,Non Bullying
 Are you more of a talker or more of a listener?,Non Bullying
 what others do you have?,Non Bullying
  Its a chicken finger :],Non Bullying
LOL u remains me of my friend she loves football LOL I personally hate it lmao,Non Bullying
 what&;s up? how&;s timmy and you? haha,Non Bullying
naah no fail whale here  Twitter was just being merciful to the rest of us ;) #mcl2,Non Bullying
Hey buddy  you've been kicking ass and taking names.  Keep up the good work.,Non Bullying
Full confidence in your ability to kick ass in the new work... *raises a glass in spirit*,Non Bullying
 HAHA jk i love you tabi(: (i tried to scare you) hahahhaa.,Non Bullying
 Hey  it&;s your cousin again :] When are you coming to visit us? I&;m gonna make a formspring :],Non Bullying
i kept thinking u would be here at like 5 :( damn sorry dude. well man be careful and ill def try to see ya around new years.,Non Bullying
 Quit trying to make everyone feel sorry for you,Non Bullying
 If I could __________ then I would.,Non Bullying
  LOVE ?,Non Bullying
loooove that game! Haha  I used to be such a Nintendo nerd!,Non Bullying
Oh  lol. Yeah  he would. That would be hilarious. Him getting charged for assault  but doing none of the ass-whooping.,Non Bullying
The winner eats the blintz  and the loser(s) watch the winner eat the blintz. Marquess of Queensbury rules apply. En garde!,Non Bullying
"I just used ""my blubbery ass"" in a blog post. Surely you can use ""ballsy""....  ;)",Non Bullying
billy mitchell is like the chuck norris of video games... but i still hate his guts! (oops! ok  i love chocolate chip ice cream.),Non Bullying
"Welcome to the fag brigade! Sorry  sorry  I meant to say ""Welcome to Twitter!"" Is lumieru on LJ. :3",Non Bullying
 Wait my phone?  -dakota,Non Bullying
  NO NO!!!!!!!!!!!,Non Bullying
All I can say is........MEGAN FOX CAN KNOCK ME UP!!! GAD DAMN!!!,Non Bullying
  nope,Non Bullying
 Do you know what boricua/moricua/morena mean?:,Non Bullying
He couldn't give his boy a pair of shades or something? Damn.,Non Bullying
That was meant to look more lighthearted than it did  btw. Add lol or :) to it. I hate that my type always looks so bitchy,Non Bullying
  haha ummm  6th grade. like the middle of the year but i only wore them sometimes cuz i only had one pair. now its all i wear since 7th,Non Bullying
it'll be GREAT for them  I know. Just sucks to have to miss them and worry about them for that long.,Non Bullying
 How many lies do you think you have told in your life time?,Non Bullying
Make Jon do his own damn homework... or you should at least get an honorary degree when he graduates...LMMFAO,Non Bullying
COME ON NOW I KNOW YOU EXPENSIVE BUT DAMN LOL AIGHT LOL,Non Bullying
 ohh reallu? well how does it feel to want [; ?!,Non Bullying
  :),Non Bullying
 so where are you located and what is it like there? :),Non Bullying
 You are on a flight from Honolulu to Chicago non-stop. There is a fire in the back of the plane. You get enough time to make ONE phone call. Who would you call?,Non Bullying
take yo ass to bed....lol!,Non Bullying
 Do you wear mental chains?,Non Bullying
 anythanqq,Non Bullying
 When was the last time you asked someone a letter on paper?,Non Bullying
the b/f sounds like a winner to me!! Lol just messin but damn thats a crappy situation to be in :(,Non Bullying
 That is like the Buffalo calling the Rhino Fat!!!,Non Bullying
 What&;s your favorite kind of flower,Non Bullying
Freestyle Fighting to start their trial 30 days. It is cold as FUCK outside.,Non Bullying
Hate Wall-E? Your girlfriend has no soul. EAT HER.,Non Bullying
 one person who have touched your heart the most,Non Bullying
yeah  I hope he doesn't freak out about us hating it. And is there an online list?,Non Bullying
  Colgate i think. its the minty kind :P,Non Bullying
 entertaiin mhee,Non Bullying
  iDnt be on da cumputa lyke dat,Non Bullying
 Is love necessary in life?,Non Bullying
I'm not sure I could work in politics. I hate the dress code.,Non Bullying
 What do you think about people who give one word answers to nearly everything?,Non Bullying
LOL damn.. for some underwear.. thats dedication,Non Bullying
@joeschmitt Hey  thanks~ I missed you too! I didn't get ANY cock* in my face for New Year's.  (*fvrd),Non Bullying
I have learned that I have to slow way down which I hate to do but if I want to continue with what I'm doing  I have to do it,Non Bullying
they have a clear ass copy of this movie @ G's babershop yo,Non Bullying
  yupz iParty all nite nd day,Non Bullying
  Karma YES. Destiny NO.,Non Bullying
Gearhound would be PC  my wife calls me a gear whore;) Icelantic is a new company out of Boulder  Co.,Non Bullying
 What&;s your favorite place to be kissed?:,Non Bullying
 What to snack on at the movie theatres?,Non Bullying
 $3xy,Non Bullying
  Its so long to explain. lol I have weird dreams that totally blow me away when i wake up. thats all ill leave it at. haha my mind is very creative sometimes . it suprises even me lol,Non Bullying
  Hairballs  I hate those things...,Non Bullying
  hahahahahhaha ikr. :) but D: im not even talking to him hahahahahaahahahaha,Non Bullying
 Wow... someone wants to smell your FEET???,Non Bullying
Hey  73% growth in eBooks.  They could have been sitting FAT if they'd raise their bets there!,Non Bullying
 what did you have for lunch?,Non Bullying
  Idk cause it has a great beat. Jim cracks corn and i dont care  jimmy cracks corn and i dont care... hahaha,Non Bullying
 Are you a tease? I am haha :),Non Bullying
btw i saw your gift last night. You are going to freak out.,Non Bullying
  yep,Non Bullying
  Spontaeity. hahaha even though i wish i could say stability.,Non Bullying
  christofer drew  or my sister,Non Bullying
I'm so sorry  I used to hate transcribing lame interviews...,Non Bullying
  Laptop Dogs Family Shoes bed clothes coffee maker oven washer&amp;dryer refridgerator table&amp;chairs pics camera bath tub! HAHAhAHAHAHHAHA!!!!,Non Bullying
 Do you ever think you smile too little?,Non Bullying
thnxs that's what I will d today. wrap up the end and plan new move. damn that feels better.,Non Bullying
506 was damn funny. Although if it's a redirection it should be in the 300s.  :P,Non Bullying
do you keep getting the one with the wheel that stick? I hate that:),Non Bullying
 What are the last 4 digits in your cellphone number?,Non Bullying
 If you could ask God any one question  what would it be?,Non Bullying
move over give me some of that hate monday,Non Bullying
Y'know  @QueenofSpain doesn't hate me  so I don't think she hates the east coast...just certain east coasters. AHEM. ;),Non Bullying
  Hmmm.. its a tie. I loved all the Bailey School Kids Series and Dr. Suess books. But the BFG. All time favorite childhood book.,Non Bullying
 just so you know scarlett wasnt on when that was wrote.,Non Bullying
the 8-core whore? How does that work? I mean  if there are 8 cores  do you need 8 sticks of ram  or what do you need?,Non Bullying
 how old are you?,Non Bullying
 When the kids in those commercials scream at their parents...I get so upset.  Saying shut up and I hate you....terrible.,Non Bullying
nothing against Guy  mind you -- love him. but why do you hate democracy?,Non Bullying
or it decides to fight back and the wires stab u in the armpit? Hate that.,Non Bullying
I worked with NPH last year and will continue to whore out this picture: http://flickr.com/photos/girlposse/2246322815,Non Bullying
 What&;s something unique about Ohio? :),Non Bullying
  ohkay iWill,Non Bullying
 Do you/have  you ever watched Desperate Housewives?,Non Bullying
good luck gettin her ass to pay up! lol,Non Bullying
Fucking useless ... Sling the Disability Discrimination Act at em !!!bloody terrible !!,Non Bullying
No need to be scared. Just don't piss me off in traffic. That's all:),Non Bullying
 what dont you like about yourself? (and everyone hates something about themselves),Non Bullying
damn cool. u can activate da camera of ur fon n u can move ur fon freely 2 look around da game when u r walking or sneaking,Non Bullying
  lol no,Non Bullying
 have you ever been turnt up?,Non Bullying
the only thing i hate more than the man is a raging UTI.,Non Bullying
  nothing really,Non Bullying
  yes and it got all swollen and red and blahhh lol,Non Bullying
Toldja. Actually  the whole thing gets less emo at some point in the archives. And I feel like it's getting even better.,Non Bullying
thats all that calls house phones these days :) damn telemarketers,Non Bullying
That sucks. I wish you strength.,Non Bullying
 Do you get annoyed when someone cuts in front of you when you are waiting in line?,Non Bullying
I'm the same way! I think it's cuz they're all so damn nice when I wouldve otherwise assumed they were super bitches,Non Bullying
nothing says you love him more than wooly ass sweaters and gift certificates for beer!,Non Bullying
the regular size I hate the minis I always burn them,Non Bullying
  September 22nd<3,Non Bullying
it still sucks  no matter how much  though  eh?,Non Bullying
  did we have any classes together this year?,Non Bullying
OMG. Get him  honey! Flying Taintchoke his ass. Can't he read the fucking Shakesperean tragedy that is our server troubles?,Non Bullying
  we dont currently have a dining room rightnow haha,Non Bullying
  Success.,Non Bullying
  u would call me coz i said so and im extremely bored mwhahahaa  im guessing angel but i met more ppl on that day so it could be anyone....,Non Bullying
 What was the best job you&;ve ever had?,Non Bullying
  i'd say honesty,Non Bullying
  maybe,Non Bullying
 guesss who ;),Non Bullying
  no. i suck.,Non Bullying
I have family flying in soon. Also I don't fly O'Hare in winter. My new rule. HATE. He's at a nice hotel though. :/,Non Bullying
 what do you cook best?,Non Bullying
 Are you picky about spelling and grammar?,Non Bullying
i hate when people bike anywhere apart from the sidewalk. i would run you over in an instant!,Non Bullying
 What&;s your favourite part to watch in Rent?,Non Bullying
Yeah I enjoyed the old set too  but low prices  nerd lust  and a good offer for my old tv via craigslist and here we are.,Non Bullying
IMA ROUNDHOUSE KICK U IN UR FISCAL POLICY IF U FUCK WITH MY ABILITY TO PRINT TEH MONEEZ  MOFO!,Non Bullying
  just me.,Non Bullying
$1 per account = pulled from ass  just like his whole ehealthtrust model,Non Bullying
  Glee who? ha,Non Bullying
ouch...that sucks!  I hope you're feeling better real soon!,Non Bullying
  toilet paper.,Non Bullying
No didn't hear about Palin's church. I actually turned news off 4awhile lol It's bad thing but when spreading hate it returns,Non Bullying
I'd hate to see you become a Twitter Widow.,Non Bullying
Isn't the blanket recall happening because all Irish pig farmers use the same tainted pig food products?,Non Bullying
 Have you ever spent an entire day in bed without being sick?,Non Bullying
  Yes. With my sister. haha we went night swimming in our pool in our backyard. Just so we could answer this question. ;],Non Bullying
that rly sucks gabe. drink a lot of warm tea! it helps me when i have a sore throat but then again urs is much more srs. :(,Non Bullying
Good night  sugar. It will get better! I'm always here if you want to piss and moan (or cry and whine). XO,Non Bullying
Yes. Take the damn pickles. I'm glad we've been talking virtually every possible moment. I have a feeling it will ciontinue.,Non Bullying
 Whom do you most look like in your family?,Non Bullying
lulz just read bout the guy who asked u out with a prego gf  what a dick  he should be wit her,Non Bullying
  strict. and fun :),Non Bullying
 Concert you went to that you will never forget?,Non Bullying
  IDKKK!!!GOD?! Not understndin this ? srry its like 3am hah,Non Bullying
I still think I could design a better twitter client. If only I could program it. Damn you   Objective-C.,Non Bullying
come here  I'll kickle your ass.,Non Bullying
Thanks :-) I'm doing my best  fuck this wind! It's been fun watching people slip on the ice though!,Non Bullying
  Yes. Cause it would totally be awwesome as long as they didn't do experiments and stuff on me hahaha,Non Bullying
  nm...just chillin,Non Bullying
 man! I have an idea that you will LOVE & HATE!!,Non Bullying
 Do you get nervous before doctor appointments?,Non Bullying
 Do you know how to change a tire? Change oil? Change a spark plug?,Non Bullying
Well fine  they can call them seat protectors in Great Britain but in the US of A they best call 'em ass protectors.,Non Bullying
  yes.,Non Bullying
I hate it when I forget little details like that. You could always have him wear sunglasses. LOL,Non Bullying
oh man.. that sucks  sorry your feeling ill... I'm still coughing & sneezing  seem's like this cold will never go away.,Non Bullying
I love My Big Fat Greek Wedding! It's so hilarious. Tonight is a great night for romantic comedies.,Non Bullying
  book :],Non Bullying
u know I dont hate u personally Jae...LOL but u know macs always win in the commercials...,Non Bullying
i hate firefox. i'm a camino chic,Non Bullying
  hahaha love you to :Dr remeber i got a camo shovel ;DDDr your the best.,Non Bullying
 well I have elf's on my side so you know your going to get you ass kicked,Non Bullying
www.cantstopthis.net fag. It's this upcoming saturday.,Non Bullying
kick ass. Also  when do you get back? The world wants to know.,Non Bullying
  they laughed alil too much i guess,Non Bullying
I'd still be walking around with it stuck to my ass if that one kid hadn't laughed so hard when I stood up from the lunch table. ;-),Non Bullying
 Worst childhood memory?,Non Bullying
  mmm what?,Non Bullying
 hello:),Non Bullying
  Nope. Ohio :],Non Bullying
 Is quizzes are quizzical what are tests?,Non Bullying
sh. everytime a hot vampire movie comes out  my popularity goes up. & yes it sucks. the stamp on the death of literary ficiton.,Non Bullying
  k,Non Bullying
SAME HERE! FUCK FLORIDA!,Non Bullying
  Mmm... ROOT BEER! haha my fav drink eva! POW,Non Bullying
  good im glad he does  id be sad if my husband didnt like me  we would have to get a divorce.r i'd be sad if any of my friends didnt like me.,Non Bullying
  uhh im not in school anymore..must be april hahhaa,Non Bullying
  Nope,Non Bullying
has a stick up her ass.,Non Bullying
 what&;s the last thing you ate?,Non Bullying
 Have you ever cried from being so mad?,Non Bullying
LMAO - I did too! Just went into the cities and started slaughtering  just to see what would happen. Some damn funny stuff!,Non Bullying
I have no doubt that there is a problem there  it's just not the only problem.  I hate mutilple variables in a problem!,Non Bullying
  umm dont start school yet lol,Non Bullying
i can never catch you on blogtv at night. damn time difference!,Non Bullying
  Nahhhh they're kinda neat to watch.,Non Bullying
the matrix still Kicks ASS!!!!!,Non Bullying
 Is French kissing in France just called kissing?,Non Bullying
 BESTiE iiLOVE YUUUAAA!! akekeke:D,Non Bullying
"bingo. I agree. Both are true. The yes on 8 pastor who showed up today seems positive ""paradox"" is impossible. gay mrge challenge",Non Bullying
  i would say carrie underwood concert. she puts on an awesome show! :),Non Bullying
Aw. That sucks. We'll have plenty of good food  wine  and company for you after though.,Non Bullying
  pretty fast.,Non Bullying
 U r soooooooooooooooooooo pretty Alexis<3 y r u so nice???????,Non Bullying
are you okay???  that really sucks :(,Non Bullying
What's goodie Jamz! ROTFLMAO @ the fact that T-Pain's singing damn near gives u seizures!,Non Bullying
Dude. That. Sucks. :(,Non Bullying
would you be implying that im gay  or youre blind?,Non Bullying
  buncha kind things have been done for me. BUNCH!,Non Bullying
"Good ones! Mine is ""Merry Christmas  Kiss My Ass  Kiss Your Ass  Kiss His Ass  Happy Hannukah"" burst out laffing every time....",Non Bullying
  Hola! :],Non Bullying
Don't you hate that! I hum a lot  usually just notes; but this time of year I don't dare hear I Saw Mommy Kissing Santa Claus!  Noo!,Non Bullying
 For all the people who read my blog  I&;ve changed it/Para tod@s l@s que leu00e9is el blog  lo he cambiado (de aspecto  nombre y link  las historias son las mismas xD): http://perdidaentretuszapatos.blogspot.com/ (What do you think/u00bfQuu00e9 os parece?),Non Bullying
 have you ever experienced feeling the urge to fart inside the elevator? tell me what happen. =),Non Bullying
 Wait. Are you Cheyenne? I sent a request to you? Wait  why is your name Tabitha?? R u fake????,Non Bullying
  Yes ma'am,Non Bullying
  yes :],Non Bullying
 Do you like the smell of weed?,Non Bullying
 what is your opinion on those people who doesn&;t mind what others feel?,Non Bullying
 Why is sex so talked about?,Non Bullying
after that aired on cnn  my mom wrote me an email asking i knew about emo and if i was ok...WAT,Non Bullying
GO pkzwrt's hommy Barry's ex-scharrel de lijst regelaares! (damn!),Non Bullying
  haha!! it is haha lol!! man i hvnt even gotten 2 dat part yet! FML hah,Non Bullying
@angelzilla Honestly  it's not enough to make me stop listening at this point. It would take a lot more to piss me off that much.,Non Bullying
  nope tabitha jai locascio idk who she is but she is a fake. :/ i use to live in idaho but i moved to texas,Non Bullying
 you should ask her if shes still &quot;feelin it&quot; so you know for sure,Non Bullying
 Let&;s get married?,Non Bullying
  call me? haha jks but sero iim so bored...............r u a pedo?,Non Bullying
  bloody mary. for sureeee,Non Bullying
  chocolate :P,Non Bullying
hate what? ohiuogdfgjnksdfgnisbgudbgubgfdgiubdbggiuhdfguihdfguihpgpuihgiudfhgjkhdghpdsfughudphypushgupghuhuhpuighghoihfdiogio,Non Bullying
"Um  I so want to ask  but shudder to think about what the answer would be to where @melissa808 gets her ""fag cream"".",Non Bullying
  yes. for sure.,Non Bullying
ugh I hate the tangle struggle. It will be in a damn pony tail all day and I go to brush it and its like a damn jungle.,Non Bullying
 when was the last time you cried so hard?,Non Bullying
 what kind of hamburger do you like,Non Bullying
  Hell yeaaa how'd youu knoww?,Non Bullying
Joydaily  damn...no it doesn't...lol.,Non Bullying
  hahah yeah he is my husband :) and i willl!!!!!!!!!!!!! thankyou :D,Non Bullying
"- and occasionally ""grape fruits"" or my personal fave:  ""stupid ass huge""",Non Bullying
  no.,Non Bullying
  i think to my brother..for his birthday. :],Non Bullying
BELIEVE IT. lol. I still love you. It's just that I would hate myself for passing up an opportunity to laugh so hard @ a show.,Non Bullying
what's up my coffee  let's call with a blocked number so I don't answer bitch? LOL,Non Bullying
that sucks. Where are you trying to watch it?,Non Bullying
I'm working from home... but that's cuz I'm swamped and have a dental appt  not cuz I'm gay. :-),Non Bullying
i see you damn near passed out after that work out lol!!,Non Bullying
Agreed.  Is Dick Clark setting an example of what to do or not to do?  Very sad to see him now God bless him...#nyetwarty,Non Bullying
your gonna get so fat before school starts,Non Bullying
i hate you for making me google that.,Non Bullying
 No because then u will know who this is.,Non Bullying
 Do you eat cheeseburgers?,Non Bullying
 y0 d!(k !$ l!K3 @ c0RND0q,Non Bullying
  i dont do brands. i do the look. i like how it looks i buy it.,Non Bullying
quite possibly the most random and funniest twit i have seen......ever :P awwww poor guinea pig  too many carrots is it!?!,Non Bullying
 Dont you hate when they fucken yell at you for not texting back? lol i do!!!,Non Bullying
Geek. Only because nerd is to harsh.,Non Bullying
"Really? wow! Avril  she sucks. LOL! I bet that was the best NIN concert this year since it being the ""last"".",Non Bullying
"The ""That's 'Smart Bitch' To You"" one.",Non Bullying
wow home cum I don't get dates like u get? I'm not feeling sorry for you anymore! Have fun!,Non Bullying
 what&;s the best movie you have ever seen?,Non Bullying
He's a poser! Run! :),Non Bullying
  hmm i havent seen anything crazy lately. Its been more like uhhhh bed. sleep. sick. sleep more. haha,Non Bullying
 Have you ever been Ice Skating?,Non Bullying
 haha ;)so.. have u ever been to france?,Non Bullying
Oooh...that sucks. I wish I could help. :(,Non Bullying
you're so lucky! Then again its understandable with the weather over there. Still lucky. I hate school =(,Non Bullying
view my douchebag of the day video you made at youtube live! http://tinyurl.com/6y8kae comment and i'll freak out haha,Non Bullying
 What&;s your number then?,Non Bullying
  oh most definantly,Non Bullying
 I accidentally just deleted the thing you just wrote to me D: SEND IT AGIIIINNNN,Non Bullying
  someday,Non Bullying
this si true last time i had three w2's its a bitch man i feel your twitter pain,Non Bullying
  Oh! Hey (:,Non Bullying
  anger and greed.,Non Bullying
  quality for sure,Non Bullying
Looks like a good competitor :) Wouldn't touch it personally  hate Symbian and Nokia Software :) My N95 is a bitch lol,Non Bullying
  :) HAHAHA AWHHHHHHHHHHHHHHHHHH <3,Non Bullying
  welll forr righhtt noww no onee iss_):,Non Bullying
  U.S.A!!!;] Known as Mars!!<3,Non Bullying
 If your eyes reflected everything you have ever don  would you look people in the eyes?,Non Bullying
  cottage cheese. colby cheese. string cheese.,Non Bullying
thats my cousin valeria. she's a total whore. do her now.,Non Bullying
  i own a couple duffle bags but no suitcases.,Non Bullying
lol - we could do that now if only I could be bothered getting off my fat ass and coming to Perth.,Non Bullying
 What are you doing this weekend?,Non Bullying
resistance sucks  get cod5 or rock band 2 for 360. if you have to get a ps3 game  get mgs4.,Non Bullying
"""Baby boy you only funky as your last cut. You focus on the past  your ass'll be a has-what"" - Outkast ;)",Non Bullying
 still a student??,Non Bullying
  pirateesss .,Non Bullying
 How do you handle your emotions when you&;re sad? Do you direct more anger  tears  or endless thoughts [quiet!]? Explain.,Non Bullying
  grape. still is :),Non Bullying
girl these kids are lazy these days  you gotta stay on them.  my oldest is a neat freak  but those other two..... DAMN!,Non Bullying
 Small Business Owners need an Economic Stimulus Package or some other return of OUR tax money instead of Welfare for Fat Cats,Non Bullying
  wet it first. always.,Non Bullying
Oh ok! Well  I'm gonna be damn busy for the next 6 months  as I need to work day & night to expand my online thingy. Good luck!,Non Bullying
Lol  Nah it sucks  empty inside and boring. :O Like you *sticks tongue out* j/k,Non Bullying
oh man  I'm having a nerd heart attack,Non Bullying
 Your at a club &amp;&amp; a bitch gives you a dirty look &amp; starts laughing while pointing at you! You _______?(WHAT DO YOU DO) guys;; Do you start drama or are you the ones who shrug it off?,Non Bullying
  its okay i honestly still dont understand why you got so angry  but sometimes you get mad worse then girls do. just saying  not trying to sound mean. but you do.,Non Bullying
  i love being silly,Non Bullying
lol why does jennifer hate new years so much?,Non Bullying
Damn that sounds good.  I love hush puppies!,Non Bullying
  okay :),Non Bullying
nigga you sound like a creep ass pedophile,Non Bullying
  Frances :),Non Bullying
  makenzie.,Non Bullying
ain't that crazy? enough to piss you off!,Non Bullying
 If you didn&;t have enough money to get the bus home what would you do?,Non Bullying
 If a stripper gets breast implants can she write it off on her taxes as a business expense?,Non Bullying
AnnMT He was the best host the Tony's ever had  so maybe his mojo will work for the Oscars. Plus he's damn hot. I interviewed him once!,Non Bullying
He is still trying to figure out who to side with. And how not to piss off the Islamists world.,Non Bullying
  Free cookies at Subway! Start the week off right with a Free Cookie at Subway! Recieve 10 points redeemable for a free cookie with any purchase today.r r Of course it had to be the longest text ever. haha I had a subway card and get those dumb texts all the time hahaha,Non Bullying
THIS is why i hate the snow!!!!!!!!!!!!!!,Non Bullying
  :D hahahahahahahah,Non Bullying
kcs got a nice body  but shes insane. taryns got a nice rack  but shes a bitch.,Non Bullying
no YOU'RE amazing... and i'm feeling Fat and Sassy,Non Bullying
im out troll but dont worry the hate continues fuk face,Non Bullying
 When was the first time that you had beer?,Non Bullying
they think we only ride chevys and cadillacs...damn stereotypes,Non Bullying
Damn must get ready for work...*loves* I miss U,Non Bullying
I gotta say  I found it pretty damn funny too...,Non Bullying
That was an *if* I just hate brushing knots in my hair.Id rather have it polished occassionallyby the airport shoe shine man,Non Bullying
  If God created them then hellz yes!,Non Bullying
 Since some of you want me to spam them ill spam 10 qs ok if you dont want them ill unfollow you but hit me up quick!!! :)),Non Bullying
gogo dancing is fucking classy  yo,Non Bullying
awwwww  that sucks!! sorry!! and i'm pretty good i'ma trying to change stuff on mi profile but iz not workin so good!!,Non Bullying
  NOT AT ALL,Non Bullying
 Panties or Thong?,Non Bullying
well I hate texting it every 5 sex,Non Bullying
"""What are you doing Dave?""... ""Damn-it Dave  I need more power!!""",Non Bullying
 Would you rather be a famous musician or a famous actor?,Non Bullying
  Haha Im not sure  its just natural ;),Non Bullying
NO! I am a very fit mother  in both senses of the word! Gawd damn  you know nothing!,Non Bullying
 If drugs had no bad effect on your health...would you do them?,Non Bullying
 what&;s your fave song?,Non Bullying
  Dont delete your account!,Non Bullying
I HATE MY CPMOUTER it sed on stickie note that they changed stuff around and they did it happend to others :Sss,Non Bullying
"Damn. 11a-2p RT @Orbitcast: New ""Kids Stuff"" show launching on Sirius XM Kids Place Live http://tinyurl.com/a49xds",Non Bullying
I used to hate that about doing requests. It's one of the reasons I stopped. It's not that difficult to read and count! LOL.,Non Bullying
  Never.,Non Bullying
hah!!! sucks being in canda! Roland  we have bright sunny skys,Non Bullying
hey praying for u man. I hate strep,Non Bullying
le gasp! I'm so jealous  I fucking love NY!,Non Bullying
  hahhahahahahah i love you.r MARKERS! a new blue and a new purple one. please :Dr crayola :),Non Bullying
the leg up one.no thank you! i am toooo fat for it! i always thought yoga was easy.thats cause i never tried it! i am SORE 2day!,Non Bullying
 do you like the sound of the wind chimes?,Non Bullying
Don't hate me. I bought the Coldplay EP.,Non Bullying
they seem to be the same every damn year,Non Bullying
what the fuck  so what you wanna like twitter battle or some shit?  I mean 'the fuck is you sayin'??,Non Bullying
thats so gay :-P,Non Bullying
  nahh,Non Bullying
 samee here bby gurl,Non Bullying
good  have some for me... im maintaining sobriety for the night... sucks.. as a matter of fact  have three.,Non Bullying
thanks  I'll give it a try... Just took a sudafed even tho I hate taking meds while preggers....see if that helps,Non Bullying
damn  sorry to hear it,Non Bullying
my hubby says no - he (freak) likes poodles. I like australian shepherds. So we're stuck w/ a mutt. But thx for the lead!,Non Bullying
thanks. he's doing better  stable for the moment. Hoping the industrial strength antibiotics will do the trick. Still sucks.,Non Bullying
dont hate on my man booba. That's corentin's homeboy. He's a super sexy french rapper,Non Bullying
 Are you picky about spelling and grammar?,Non Bullying
I'm sure!! I despise cleaning  although I'm an organization freak!,Non Bullying
  i likey.,Non Bullying
  (:,Non Bullying
 I was juuust saying hi :),Non Bullying
I hate auntie flow too.  I should be starting soon. :(  I gained weight this week from pms (eating a lot)!,Non Bullying
Lot of folk hate process. Hope you've got management support or you'll go mad. RU implmenting an ITIL type meth or cleaning up chaos,Non Bullying
damn daylight savings time LOL,Non Bullying
The libertarian case for gay marriage.  http://tinyurl.com/2f6xbm,Non Bullying
hate is good tho  free publicity  ppl who hate don't realize how much good it does to the other person,Non Bullying
or tight ass pants..smh,Non Bullying
  I love roller coasters!! :],Non Bullying
"asses and it's like the whole world is like  ""OMG  I HAVE NEVER SEEN AN ASS LIKE THAT EVER IN LIFE!""  wut?!?!!  Outrage! lol",Non Bullying
 have you been to any ocean park?,Non Bullying
gotta love brandon! damn!,Non Bullying
  nope,Non Bullying
 Would you ever sell drugs if you were poor?,Non Bullying
don't worry. i love my niece and hate my sister in law. I think its like a rule or something.,Non Bullying
  I don't think they're hard enough to be honest. Society wouldn't be the way it is if people would make they're kids have morals and standards. Aids is spreading at an unbelievable rate these days. Just sayin...,Non Bullying
hahaha I knew you'd hate it,Non Bullying
..... I pretty much hate T-mobile....,Non Bullying
finally someone reviews Death Proof and understands the film and why it's fucking awesome.,Non Bullying
WHAT THE FUCK BRYAR! hahah people are making death threats to you.,Non Bullying
no  postsecret is still #1.  But @secrettweet is pretty damn entertaining too.,Non Bullying
Yup I will wait for a bit for them to get through. Deary me planes just freak me out!!,Non Bullying
  idk haha,Non Bullying
haha you're asking the wrong person. i hate eating out! (i'm really weird) you should ask huan  he's a total foodie :),Non Bullying
  One fluently. Spanish pequinta,Non Bullying
ohhh fun are u eating roasted pig?,Non Bullying
 what do you always pray for?,Non Bullying
 What YouTube video made you laugh recently?,Non Bullying
  Its just the way this world works these days. haha,Non Bullying
Blue better be your color  chick. Fuck.,Non Bullying
How's my favorite in the holiday spirit guinea pig this morning?,Non Bullying
"they don't do any of it. Them they try to front afterwards  like ""I did this and that to him last night!"" I hate when chicks lie",Non Bullying
 Do you guys like robot chicken? i do;) asked,Non Bullying
So true Dick is the best. Tomlin needs to let Bruce go  so we can get back to Steeler football with our run game running the show,Non Bullying
 can you cook?,Non Bullying
and it's a damn fine one.,Non Bullying
 What was the worst place you&;ve traveled to?,Non Bullying
  Yes haha im not gayy silly (:,Non Bullying
  Who is thiss fer real??,Non Bullying
 what&;s the last thing you said to your sibling?,Non Bullying
  lucky pringle pop,Non Bullying
makes me want to vomit. i think it's something to with my new comments system though  was fine before that. technology sucks.,Non Bullying
 Ever fell for the same guy more than once?,Non Bullying
  timothy. Lastnight for both.,Non Bullying
 heyy!,Non Bullying
"I won't cheer! Do u have this ""kick u in the back of the head really hard"" variant? Sucks! 3rd day of ultra shittiness! Ibruprfn",Non Bullying
  i dont think so?,Non Bullying
Would you mind if I blogged about it to? Hate doing that without asking first! #cleanup09,Non Bullying
So the one that really mattered was a fail? That sucks!,Non Bullying
I REALLY hate it when I sneeze  burp  and hiccup at the same time D:&lt;,Non Bullying
Yeah  I can barely navigate through one.  I hate all those distracting things in there!,Non Bullying
Is the xbox controller involved in that to-do list? If so  I'm jealous. Damn you  productivity!,Non Bullying
my 15 yr old likes to sit next to me on the couch n play fat bottom girls on the ukulele.. definitely FTW!,Non Bullying
How can you hate Hugh Laurie!?,Non Bullying
Fucking incredible. He rocked harder than anyone I've ever seen.,Non Bullying
Well  maybe you can at least be a DD for us. :P And you can stay sober enough to see my drunk ass! Hah hah.,Non Bullying
@jenndow @JenF80 And you call ME a twitter-whore. XD,Non Bullying
was Twitter freak before  now have phone. Look out!,Non Bullying
Hope you're not getting a full fluoride. Hate that. Good luck!,Non Bullying
 (girls)Can you belly dance?r (guys)can you break dance?,Non Bullying
 YO DAWG I HERD U LIKE CANS  SO WE PUT A CAN IN YO CAN SO YOU CAN HAVE A CAN WHILE ON THE CAN,Non Bullying
"""its like it was a dream""....fag.",Non Bullying
get yer own damn beer!,Non Bullying
  Basketball<3,Non Bullying
OMG. GREAT list! I can add to TMI Freak. Folo one who shares stories about sex toys. No joke.,Non Bullying
 how often do you go braless?,Non Bullying
 What do you think of women who wear revealing clothing infront of kids?,Non Bullying
damn sounds painful lol,Non Bullying
confessions? i was so horny one time i used a tiny trash bag 2 fuk the block whore. and it bust!!,Non Bullying
Well I mean  it *is* Call in Gay day today.,Non Bullying
LOL it sucks to not get buzzed. I'm just there twiddling my thumbs. LOL,Non Bullying
 Do you believe that the guy should pay on the first date?,Non Bullying
  :D awhh hahaha thanlyou,Non Bullying
 hey you&;re an amazing nice and sweet girl..pretty too!,Non Bullying
Hey  you know everyone knows the whole damn song.  We may as well join in!,Non Bullying
 So i heard that alot people were complaining on too much spam so now we are allowed 100 only? wow?,Non Bullying
  multiple times :],Non Bullying
@bosca Been a Geek is something I know i am proud off. A nerd I am not lol.,Non Bullying
"@SuzeMuse I hate when twitter makes me use dictionary.com - i feel so dumb! ""monocled"" - (I have 2 unglassed eyes - phew!)",Non Bullying
Hey  I'm sorry about the rumours. That sucks. But Erica's right  you have us FCAs behind you for anything *hugs* Hope the  ...,Non Bullying
  Janet son of a gun. haha,Non Bullying
 did you &quot;celebrate&quot; 4/20.?r lol,Non Bullying
 That person VV isn&;t daydrien is it?!?!?,Non Bullying
 If you could be invited to one person&;s birthday party  whose would it be?,Non Bullying
omg facebook has claimed another victim! hope you're at least kicking ass!,Non Bullying
  eating oranges!!!!r CASSIE I LOVE YOU!!!!!!!!!!!!!!!!!!!!!!!!!!!!!!,Non Bullying
 shan kinqst0n yo cuhz??? forrreal???,Non Bullying
hands down one of my favorite veggies (and snack) is roasted brussel sprouts w/ fat free ranch to dip it in.,Non Bullying
I know. It sucks. I've had to get a lot of people out of my life. It's sad.,Non Bullying
 look inside your bag/purse.. name three things you see,Non Bullying
  I could have a better one. :(,Non Bullying
 What was name of your first pet and why did you give it that name.,Non Bullying
damn  we're in a tight spot,Non Bullying
LOL I had completely forgot there was a comic strip called BC :)  But the real question is why do you hate your paper boy? LOL,Non Bullying
  ..,Non Bullying
  not really,Non Bullying
oh ok I know what the fail whale is then! Thanks!,Non Bullying
SuperShuttle sucks  PrimeTime Shuttle sucks: LAX is the only airport where the parking is worth the cost,Non Bullying
word? oh damn! didn't expect that response,Non Bullying
That sucks & they're definitely missing out!  People should expand their horizons.,Non Bullying
 What is your greatest regret?,Non Bullying
she ain't a bitch I'm just pretty awesome,Non Bullying
  yes we are! latinos are the smexiest ones alive! :],Non Bullying
 haha it was kayla that wrote that lol you thought it was phoebe i tricked you hahahahaahahahahah :D,Non Bullying
  people talk about something you know they have no clue about.,Non Bullying
i hate to say i use gmail to avoid deleting emails. i still have messages from '05!! but they're mostly tucked away in folders.,Non Bullying
 whats ur favorite band?,Non Bullying
  ummmmm im not sure,Non Bullying
  The Hills! Chuz Lauren was thee whole point it was clld thee Hills and there is 2much drama! Bhut I still wtch it chuz i love 2 laugh at thee dumb shit! Spencer is a prick btw!;0,Non Bullying
  yes i have before.,Non Bullying
 HAHAHA NOPE! ...,Non Bullying
 Ok  to answer your question honestly  I do want to smell your feet  but I swear the truth is that I did *not* ask you those questions  previously. That honestly was someone else.,Non Bullying
Listen Guiness. Get your paddy-ass outta here,Non Bullying
 Visit? Plz *-* http://www.e-castig.com/index.php?r=R1wwn,Non Bullying
I might be able to pull off the Ass-Miss spirit but not in the Christmas spirit!! LOL,Non Bullying
  Annoyed lol,Non Bullying
Maybe that is the prize  eh? I mean in a circus that capability could command big bucks...side show freak makes good? ;),Non Bullying
  Never;;,Non Bullying
Hey dude  SuperJail is the fucking JAM. You can watch 'em all streaming here: http://tinyurl.com/5n55hg,Non Bullying
I gave up on lighting hell this year. Got a 9 ft. pre-lit fake.  Love the smell of real but hate creating demand for tree killin',Non Bullying
IE 6 is still big because XP is still big  and IE7 sucks in XP,Non Bullying
  didnt get into star wars much actually,Non Bullying
  kkkkkk,Non Bullying
